{"$schema":"http://schema.management.azure.com/schemas/2015-01-01/deploymentTemplate.json#","contentVersion":"1.0.0.0","parameters":{"workspaceName":{"type":"string","metadata":"Workspace name","defaultValue":"jdsynapse"},"LS_AZSQL":{"type":"string"},"LS_AzureBlobStorage":{"type":"string"},"LS_ADLS":{"type":"string"}},"variables":{"workspaceId":"[concat('Microsoft.Synapse/workspaces/', parameters('workspaceName'))]"},"resources":[{"name":"[concat(parameters('workspaceName'), '/PL Run sql scripts from container - JD')]","type":"Microsoft.Synapse/workspaces/pipelines","apiVersion":"2019-06-01-preview","properties":{"activities":[{"name":"Get SQL Scripts","type":"GetMetadata","dependsOn":[],"policy":{"timeout":"0.12:00:00","retry":0,"retryIntervalInSeconds":30,"secureOutput":false,"secureInput":false},"userProperties":[],"typeProperties":{"dataset":{"referenceName":"DS_ADLS_Binary_Folder","type":"DatasetReference","parameters":{"ContainerName":{"value":"@pipeline().parameters.sql_scripts_container","type":"Expression"},"FolderName":{"value":"@pipeline().parameters.sql_scripts_folder","type":"Expression"}}},"fieldList":["childItems"],"storeSettings":{"type":"AzureBlobFSReadSettings","recursive":true,"enablePartitionDiscovery":false},"formatSettings":{"type":"BinaryReadSettings"}}},{"name":"ForEach1","type":"ForEach","dependsOn":[{"activity":"Get SQL Scripts","dependencyConditions":["Succeeded"]}],"userProperties":[],"typeProperties":{"items":{"value":"@activity('Get SQL Scripts').output.childItems","type":"Expression"},"isSequential":true,"activities":[{"name":"Read SQL script","type":"WebActivity","dependsOn":[{"activity":"SET_CURRENT_UTC_DATE_TIME_FOR_FILENAME","dependencyConditions":["Succeeded"]}],"policy":{"timeout":"0.12:00:00","retry":0,"retryIntervalInSeconds":30,"secureOutput":false,"secureInput":false},"userProperties":[],"typeProperties":{"method":"GET","headers":{"x-ms-version":"2017-11-09","x-ms-blob-type":"BlockBlob"},"url":{"value":"@concat(pipeline().parameters.storage_account_url, '/',pipeline().parameters.sql_scripts_container, '/', pipeline().parameters.sql_scripts_folder, '/', item().name)","type":"Expression"},"connectVia":{"referenceName":"AutoResolveIntegrationRuntime","type":"IntegrationRuntimeReference"},"authentication":{"type":"MSI","resource":"https://storage.azure.com/"}}},{"name":"Execute SQL Script","type":"Script","dependsOn":[{"activity":"Read SQL script","dependencyConditions":["Succeeded"]}],"policy":{"timeout":"0.12:00:00","retry":0,"retryIntervalInSeconds":30,"secureOutput":false,"secureInput":false},"userProperties":[],"linkedServiceName":{"referenceName":"[parameters('LS_AZSQL')]","type":"LinkedServiceReference"},"typeProperties":{"scripts":[{"type":"Query","text":{"value":"@activity('Read SQL script').output.Response","type":"Expression"}}],"scriptBlockExecutionTimeout":"02:00:00","logSettings":{"logDestination":"ExternalStore","logLocationSettings":{"linkedServiceName":{"referenceName":"[parameters('LS_AzureBlobStorage')]","type":"LinkedServiceReference"},"path":"raw/sql-scripts/logs"}}}},{"name":"Move SQL Script to Fail Folder","description":"this step will copy the .sql file to a fail folder","type":"Copy","dependsOn":[{"activity":"Log SQL Script Success","dependencyConditions":["Skipped"]}],"policy":{"timeout":"0.12:00:00","retry":0,"retryIntervalInSeconds":30,"secureOutput":false,"secureInput":false},"userProperties":[],"typeProperties":{"source":{"type":"BinarySource","storeSettings":{"type":"AzureBlobFSReadSettings","recursive":true},"formatSettings":{"type":"BinaryReadSettings"}},"sink":{"type":"BinarySink","storeSettings":{"type":"AzureBlobFSWriteSettings"}},"enableStaging":false},"inputs":[{"referenceName":"DS_ADLS_Binary_File","type":"DatasetReference","parameters":{"ContainerName":{"value":"@pipeline().parameters.sql_scripts_container","type":"Expression"},"FolderName":{"value":"@pipeline().parameters.sql_scripts_folder","type":"Expression"},"FileName":{"value":"@item().name","type":"Expression"}}}],"outputs":[{"referenceName":"DS_ADLS_Binary_File","type":"DatasetReference","parameters":{"ContainerName":{"value":"@pipeline().parameters.failed_scripts_container","type":"Expression"},"FolderName":{"value":"@pipeline().parameters.failed_scripts_folder","type":"Expression"},"FileName":{"value":"@concat(replace(item().name, '.sql', ''), '_', variables('varCurrentDateTimeUTCFilename'), '.sql')","type":"Expression"}}}]},{"name":"Delete successful SQL script","description":"this step will delete the .sql script from its original location","type":"Delete","dependsOn":[{"activity":"Move SQL Script to Success Folder","dependencyConditions":["Succeeded"]}],"policy":{"timeout":"0.12:00:00","retry":0,"retryIntervalInSeconds":30,"secureOutput":false,"secureInput":false},"userProperties":[],"typeProperties":{"dataset":{"referenceName":"DS_ADLS_Binary_File","type":"DatasetReference","parameters":{"ContainerName":{"value":"@pipeline().parameters.sql_scripts_container","type":"Expression"},"FolderName":{"value":"@pipeline().parameters.sql_scripts_folder","type":"Expression"},"FileName":{"value":"@item().name","type":"Expression"}}},"enableLogging":false,"storeSettings":{"type":"AzureBlobFSReadSettings","recursive":true,"enablePartitionDiscovery":false}}},{"name":"Move SQL Script to Success Folder","description":"this step will copy the .sql file to a fail folder","type":"Copy","dependsOn":[{"activity":"Log SQL Script Success","dependencyConditions":["Succeeded"]}],"policy":{"timeout":"0.12:00:00","retry":0,"retryIntervalInSeconds":30,"secureOutput":false,"secureInput":false},"userProperties":[],"typeProperties":{"source":{"type":"BinarySource","storeSettings":{"type":"AzureBlobFSReadSettings","recursive":true},"formatSettings":{"type":"BinaryReadSettings"}},"sink":{"type":"BinarySink","storeSettings":{"type":"AzureBlobFSWriteSettings"}},"enableStaging":false},"inputs":[{"referenceName":"DS_ADLS_Binary_File","type":"DatasetReference","parameters":{"ContainerName":{"value":"@pipeline().parameters.sql_scripts_container","type":"Expression"},"FolderName":{"value":"@pipeline().parameters.sql_scripts_folder","type":"Expression"},"FileName":{"value":"@item().name","type":"Expression"}}}],"outputs":[{"referenceName":"DS_ADLS_Binary_File","type":"DatasetReference","parameters":{"ContainerName":{"value":"@pipeline().parameters.success_scripts_container","type":"Expression"},"FolderName":{"value":"@pipeline().parameters.success_scripts_folder","type":"Expression"},"FileName":{"value":"@concat(replace(item().name, '.sql', ''), '_', variables('varCurrentDateTimeUTCFilename'), '.sql')","type":"Expression"}}}]},{"name":"Log SQL Script Failure","type":"Copy","dependsOn":[{"activity":"Execute SQL Script","dependencyConditions":["Failed"]}],"policy":{"timeout":"0.12:00:00","retry":0,"retryIntervalInSeconds":30,"secureOutput":false,"secureInput":false},"userProperties":[],"typeProperties":{"source":{"type":"AzureSqlSource","sqlReaderQuery":{"value":"select '@{pipeline().parameters.storage_account_url}' as ScriptStorageAccountURL, \n    '@{pipeline().parameters.sql_scripts_container}' as ScriptContainer,\n    '@{pipeline().parameters.sql_scripts_folder}' as ScriptFolder, \n    '@{item().name}' as ScriptName, \n    '@{utcNow()}' as ScriptExecutionUTC, \n    'Failure' as ScriptExecutionStatus, \n    null as resultSetCount,\n    null as recordsAffected,\n    '@{replace(activity('Execute SQL Script').error.Message, '''','')}' as ErrorMessage, \n    '@{activity('Execute SQL Script').error.errorCode}' as ErrorCode ","type":"Expression"},"queryTimeout":"02:00:00","partitionOption":"None"},"sink":{"type":"AzureSqlSink","writeBehavior":"insert","sqlWriterUseTableLock":false,"tableOption":"autoCreate","disableMetricsCollection":false},"enableStaging":false,"translator":{"type":"TabularTranslator","typeConversion":true,"typeConversionSettings":{"allowDataTruncation":true,"treatBooleanAsNumber":false}}},"inputs":[{"referenceName":"DS_AZ_SQL","type":"DatasetReference","parameters":{"SchemaName":" ","TableName":" ","DatabaseName":"dobbinsdb"}}],"outputs":[{"referenceName":"DS_AZ_SQL","type":"DatasetReference","parameters":{"SchemaName":"logs","TableName":"sql_script_execution","DatabaseName":"dobbinsdb"}}]},{"name":"Log SQL Script Success","type":"Copy","dependsOn":[{"activity":"Execute SQL Script","dependencyConditions":["Succeeded"]}],"policy":{"timeout":"0.12:00:00","retry":0,"retryIntervalInSeconds":30,"secureOutput":false,"secureInput":false},"userProperties":[],"typeProperties":{"source":{"type":"AzureSqlSource","sqlReaderQuery":{"value":"select '@{pipeline().parameters.storage_account_url}' as ScriptStorageAccountURL, \n    '@{pipeline().parameters.sql_scripts_container}' as ScriptContainer,\n    '@{pipeline().parameters.sql_scripts_folder}' as ScriptFolder, \n    '@{item().name}' as ScriptName, \n    '@{utcNow()}' as ScriptExecutionUTC, \n    'Success' as ScriptExecutionStatus, \n    '@{activity('Execute SQL Script').output.resultSetCount}' as resultSetCount,\n    '@{activity('Execute SQL Script').output.recordsAffected}' as recordsAffected,\n    null as ErrorMessage, \n    null as ErrorCode ","type":"Expression"},"queryTimeout":"02:00:00","partitionOption":"None"},"sink":{"type":"AzureSqlSink","writeBehavior":"insert","sqlWriterUseTableLock":false,"tableOption":"autoCreate","disableMetricsCollection":false},"enableStaging":false,"translator":{"type":"TabularTranslator","typeConversion":true,"typeConversionSettings":{"allowDataTruncation":true,"treatBooleanAsNumber":false}}},"inputs":[{"referenceName":"DS_AZ_SQL","type":"DatasetReference","parameters":{"SchemaName":" ","TableName":" ","DatabaseName":"dobbinsdb"}}],"outputs":[{"referenceName":"DS_AZ_SQL","type":"DatasetReference","parameters":{"SchemaName":"logs","TableName":"sql_script_execution","DatabaseName":"dobbinsdb"}}]},{"name":"Delete failed SQL script","description":"this step will delete the .sql script from its original location","type":"Delete","dependsOn":[{"activity":"Move SQL Script to Fail Folder","dependencyConditions":["Succeeded"]}],"policy":{"timeout":"0.12:00:00","retry":0,"retryIntervalInSeconds":30,"secureOutput":false,"secureInput":false},"userProperties":[],"typeProperties":{"dataset":{"referenceName":"DS_ADLS_Binary_File","type":"DatasetReference","parameters":{"ContainerName":{"value":"@pipeline().parameters.sql_scripts_container","type":"Expression"},"FolderName":{"value":"@pipeline().parameters.sql_scripts_folder","type":"Expression"},"FileName":{"value":"@item().name","type":"Expression"}}},"enableLogging":false,"storeSettings":{"type":"AzureBlobFSReadSettings","recursive":true,"enablePartitionDiscovery":false}}},{"name":"SET_CURRENT_UTC_DATE_TIME_FOR_FILENAME","type":"SetVariable","dependsOn":[],"policy":{"secureOutput":false,"secureInput":false},"userProperties":[],"typeProperties":{"variableName":"varCurrentDateTimeUTCFilename","value":{"value":"@concat(formatDateTime(utcNow(),'yyyy'),'_',\r\nformatDateTime(utcNow(),'MM'),'_',\r\nformatDateTime(utcNow(),'dd'),'_',\r\nformatDateTime(utcNow(),'HH'),'_',\r\nformatDateTime(utcNow(),'mm'),'_',\r\nformatDateTime(utcNow(),'ss'),'_UTC')","type":"Expression"}}}]}}],"policy":{"elapsedTimeMetric":{}},"parameters":{"sql_scripts_container":{"type":"string","defaultValue":"raw"},"sql_scripts_folder":{"type":"string","defaultValue":"sql-scripts/dhhs-sql-scripts"},"storage_account_url":{"type":"string","defaultValue":"https://dobbinsdatalake.dfs.core.windows.net"},"failed_scripts_container":{"type":"string","defaultValue":"raw"},"failed_scripts_folder":{"type":"string","defaultValue":"sql-scripts/failure"},"success_scripts_container":{"type":"string","defaultValue":"raw"},"success_scripts_folder":{"type":"string","defaultValue":"sql-scripts/success"}},"variables":{"varCurrentDateTimeUTCFilename":{"type":"String"}},"folder":{"name":"PA DHHS"},"annotations":[]},"dependsOn":["[concat(variables('workspaceId'), '/datasets/DS_ADLS_Binary_Folder')]","[concat(variables('workspaceId'), '/datasets/DS_ADLS_Binary_File')]","[concat(variables('workspaceId'), '/datasets/DS_AZ_SQL')]"]},{"name":"[concat(parameters('workspaceName'), '/DS_ADLS_Binary_Folder')]","type":"Microsoft.Synapse/workspaces/datasets","apiVersion":"2019-06-01-preview","properties":{"linkedServiceName":{"referenceName":"[parameters('LS_ADLS')]","type":"LinkedServiceReference"},"parameters":{"ContainerName":{"type":"string"},"FolderName":{"type":"string"}},"folder":{"name":"ADLS"},"annotations":[],"type":"Binary","typeProperties":{"location":{"type":"AzureBlobFSLocation","folderPath":{"value":"@dataset().FolderName","type":"Expression"},"fileSystem":{"value":"@dataset().ContainerName","type":"Expression"}}}},"dependsOn":[]},{"name":"[concat(parameters('workspaceName'), '/DS_ADLS_Binary_File')]","type":"Microsoft.Synapse/workspaces/datasets","apiVersion":"2019-06-01-preview","properties":{"linkedServiceName":{"referenceName":"[parameters('LS_ADLS')]","type":"LinkedServiceReference"},"parameters":{"ContainerName":{"type":"string"},"FolderName":{"type":"string"},"FileName":{"type":"string"}},"folder":{"name":"ADLS"},"annotations":[],"type":"Binary","typeProperties":{"location":{"type":"AzureBlobFSLocation","fileName":{"value":"@dataset().FileName","type":"Expression"},"folderPath":{"value":"@dataset().FolderName","type":"Expression"},"fileSystem":{"value":"@dataset().ContainerName","type":"Expression"}}}},"dependsOn":[]},{"name":"[concat(parameters('workspaceName'), '/DS_AZ_SQL')]","type":"Microsoft.Synapse/workspaces/datasets","apiVersion":"2019-06-01-preview","properties":{"linkedServiceName":{"referenceName":"[parameters('LS_AZSQL')]","type":"LinkedServiceReference","parameters":{}},"parameters":{"SchemaName":{"type":"string"},"TableName":{"type":"string"},"DatabaseName":{"type":"string","defaultValue":"dobbinsdb"}},"annotations":[],"type":"AzureSqlTable","schema":[],"typeProperties":{"schema":{"value":"@dataset().SchemaName","type":"Expression"},"table":{"value":"@dataset().TableName","type":"Expression"}}},"dependsOn":[]}]}